Email;Login;Password
tanner_bergstrom@effertzschimmel.name;qui;LwBtE3Zy5
lennie@reichel.io;fugiat;IdUi6q9aB
kiley_king@hellerheller.info;qui;YgP0BlCm2
devan_lind@lowelynch.info;autem;VrEoZ3L1A
torrance.conn@turnerkub.io;tenetur;A06eCy6cG
sherwood_kilback@corwin.org;nulla;Bf42A60vG
brant_bailey@ziemannlesch.com;aliquam;Vc7xVkQsH
jordyn_gottlieb@johnson.org;cumque;A1RxL2Pi
arlo.abernathy@prohaska.io;doloremque;YlAuVgNeF
jovany@stoltenberg.biz;assumenda;W48492PiK
jaclyn_kirlin@kovacek.org;ut;AyJw03E24
eloy@dooleybeatty.info;ut;H6Ys8v0jG
tavares@feil.io;et;P2AhYfF48
benedict@handschmidt.org;sit;42R2Kq9qL
demario@gutmann.com;inventore;365x4fHrR
kelsie.heathcote@breitenberg.org;rerum;MxYxEw5rH
gloria.rau@howeward.name;pariatur;Nf35K6Bw9
jacey@schaden.info;quia;X1Yw9mIkA
brad.pfeffer@stehrhilll.biz;modi;8oYtJdPf3
ethyl_maggio@hansen.name;dolorum;8zInSt4rV
heath@sauer.info;ut;6lUxN9Eh0
bonnie@witting.com;praesentium;Sv06Y38eX
ernestina.okon@schuster.org;qui;HjO02mOs
lesly@heller.org;eum;9cDvCt15
riley@lesch.biz;voluptate;2kW3Nd3cH
hollie.stokes@goodwindickens.io;nesciunt;X13uI4Yo
trenton@pfefferkilback.com;expedita;9kZpGyCnD
leonard@schultz.info;ea;K3D7Hf5aW
mason@hauck.co;cupiditate;J5FiYgTzN
fredrick@lakin.info;aliquam;O4Fh07Oo3
earlene@sanfordluettgen.net;nostrum;HdCq9wZc
krystel@prohaska.co;ut;XkBtElKtD
raymond_harvey@langosh.org;reprehenderit;VwT5Y7WkB
ryan@hand.co;aut;UgIgXdGt0
cornelius@bode.biz;molestias;1a9vK58k
jeanne_lehner@abbott.com;aut;CqA0Oe6w
kyle.macgyver@vonrueden.co;consequatur;Jg0l06DtQ
rae@rath.biz;ut;MfAqP7Ws4
yoshiko@parisian.io;quo;O6EqFn3g
uriah.carter@tromp.com;aliquam;60J6GsI5
kavon_gorczany@watsicaabshire.biz;possimus;Pg6j3qVmB
marisa@rippin.biz;vel;6pOvC3Hk5
rickey@boyer.biz;natus;BnPmSg61P
spencer@oberbrunnerlabadie.info;magni;QeVeChTc
kristy@dooley.info;in;X1HaLpYa
tyshawn@schmitt.name;quibusdam;K9Y1Qp816
olaf@keler.org;recusandae;JwGj4sT35
maud.macgyver@botsfordhoeger.biz;voluptatem;ZcQf2n5pF
logan@hegmannvon.org;eos;5n77T2MsW
dawn.haley@reillykeebler.org;consequatur;B2LlMd013
